,Actors,Awards,BoxOffice,Country,DVD,Director,Genre,Language,Metascore,Plot,Poster,Production,Rated,Released,Response,Runtime,Title,Type,Website,Writer,Year,imdbID,imdbRating,imdbVotes,tomatoImage,tomatoReviews
0,"Keanu Reeves, Michael Nyqvist, Alfie Allen, Willem Dafoe",4 wins & 6 nominations.,N/A,USA,03 Feb 2015,"Chad Stahelski, David Leitch","Action, Crime, Thriller","English, Russian, Hungarian",68,An ex-hitman comes out of retirement to track down the gangsters that took everything from him.,https://images-na.ssl-images-amazon.com/images/M/MV5BMTU2NjA1ODgzMF5BMl5BanBnXkFtZTgwMTM2MTI4MjE@._V1_SX300.jpg,LionsGate Entertainment,R,24 Oct 2014,True,101 min,John Wick,movie,http://johnwickthemovie.com/,Derek Kolstad,2014,tt2911666,7.2,"299,127",certified,188
1,"Ellen Burstyn, Matthew McConaughey, Mackenzie Foy, John Lithgow",Won 1 Oscar. Another 40 wins & 135 nominations.,"$158,737,441.00","USA, UK",31 Mar 2015,Christopher Nolan,"Adventure, Drama, Sci-Fi",English,74,A team of explorers travel through a wormhole in space in an attempt to ensure humanity's survival.,https://images-na.ssl-images-amazon.com/images/M/MV5BMjIxNTU4MzY4MF5BMl5BanBnXkFtZTgwMzM4ODI3MjE@._V1_SX300.jpg,Paramount Pictures,PG-13,07 Nov 2014,True,169 min,Interstellar,movie,http://www.InterstellarMovie.com/,"Jonathan Nolan, Christopher Nolan",2014,tt0816692,8.6,"1,006,066",certified,308
2,"Chris Pratt, Zoe Saldana, Dave Bautista, Vin Diesel",Nominated for 2 Oscars. Another 49 wins & 93 nominations.,"$270,592,504.00","USA, UK",09 Dec 2014,James Gunn,"Action, Adventure, Sci-Fi",English,76,A group of intergalactic criminals are forced to work together to stop a fanatical warrior from taking control of the universe.,https://images-na.ssl-images-amazon.com/images/M/MV5BMTAwMjU5OTgxNjZeQTJeQWpwZ15BbWU4MDUxNDYxODEx._V1_SX300.jpg,Walt Disney Pictures,PG-13,01 Aug 2014,True,121 min,Guardians of the Galaxy,movie,http://marvel.com/guardians,"James Gunn, Nicole Perlman, Dan Abnett (based on the Marvel comic book by), Andy Lanning (based on the Marvel comic book by), Steve Gerber (character created by: Howard the Duck), Val Mayerik (character created by: Howard the Duck)",2014,tt2015381,8.1,"730,398",certified,288
3,"Miles Teller, J.K. Simmons, Paul Reiser, Melissa Benoist",Won 3 Oscars. Another 88 wins & 135 nominations.,N/A,USA,24 Feb 2015,Damien Chazelle,"Drama, Music",English,88,A promising young drummer enrolls at a cut-throat music conservatory where his dreams of greatness are mentored by an instructor who will stop at nothing to realize a student's potential.,https://images-na.ssl-images-amazon.com/images/M/MV5BOTVhMWQ5MDktMGE3OS00MjVlLWExZWYtMzY2MTg4ZGFiZDQ5L2ltYWdlXkEyXkFqcGdeQXVyNjU0OTQ0OTY@._V1_SX300.jpg,Sony Pictures Classics,R,15 Oct 2014,True,107 min,Whiplash,movie,http://sonyclassics.com/whiplash/,Damien Chazelle,2014,tt2582802,8.5,"446,912",certified,261
4,"Hugh Jackman, James McAvoy, Michael Fassbender, Jennifer Lawrence",Nominated for 1 Oscar. Another 15 wins & 43 nominations.,"$199,305,306.00","USA, UK, Canada",14 Oct 2014,Bryan Singer,"Action, Adventure, Sci-Fi","English, Vietnamese, French",74,The X-Men send Wolverine to the past in a desperate effort to change history and prevent an event that results in doom for both humans and mutants.,https://images-na.ssl-images-amazon.com/images/M/MV5BZGIzNWYzN2YtMjcwYS00YjQ3LWI2NjMtOTNiYTUyYjE2MGNkXkEyXkFqcGdeQXVyMTQxNzMzNDI@._V1_SX300.jpg,20th Century Fox,PG-13,23 May 2014,True,132 min,X-Men: Days of Future Past,movie,http://www.x-menmovies.com/,"Simon Kinberg (screenplay), Jane Goldman (story), Simon Kinberg (story), Matthew Vaughn (story)",2014,tt1877832,8.0,"535,388",certified,287
5,"Benedict Cumberbatch, Keira Knightley, Matthew Goode, Rory Kinnear",Won 1 Oscar. Another 44 wins & 150 nominations.,N/A,"UK, USA",31 Mar 2015,Morten Tyldum,"Biography, Drama, Thriller","English, German",73,"During World War II, mathematician Alan Turing tries to crack the enigma code with help from fellow mathematicians.",https://images-na.ssl-images-amazon.com/images/M/MV5BNjI3NjY1Mjg3MV5BMl5BanBnXkFtZTgwMzk5MDQ3MjE@._V1_SX300.jpg,The Weinstein Company,PG-13,25 Dec 2014,True,114 min,The Imitation Game,movie,http://theimitationgamemovie.com/,"Graham Moore, Andrew Hodges (book)",2014,tt2084970,8.1,"515,949",certified,247
6,"Ben Affleck, Rosamund Pike, Neil Patrick Harris, Tyler Perry",Nominated for 1 Oscar. Another 64 wins & 170 nominations.,N/A,USA,13 Jan 2015,David Fincher,"Crime, Drama, Mystery",English,79,"With his wife's disappearance having become the focus of an intense media circus, a man sees the spotlight turned on him when it's suspected that he may not be innocent.",https://images-na.ssl-images-amazon.com/images/M/MV5BMTk0MDQ3MzAzOV5BMl5BanBnXkFtZTgwNzU1NzE3MjE@._V1_SX300.jpg,20th Century Fox,R,03 Oct 2014,True,149 min,Gone Girl,movie,http://www.findamazingamy.com/,"Gillian Flynn (screenplay), Gillian Flynn (novel)",2014,tt2267998,8.1,"613,969",certified,307
7,"Domhnall Gleeson, Corey Johnson, Oscar Isaac, Alicia Vikander",Won 1 Oscar. Another 64 wins & 137 nominations.,"$19,012,798.00",UK,14 Jul 2015,Alex Garland,"Drama, Mystery, Sci-Fi",English,78,A young programmer is selected to participate in a ground-breaking experiment in synthetic intelligence by evaluating the human qualities of a breath-taking humanoid A.I.,https://images-na.ssl-images-amazon.com/images/M/MV5BMTUxNzc0OTIxMV5BMl5BanBnXkFtZTgwNDI3NzU2NDE@._V1_SX300.jpg,A24 Films,R,24 Apr 2015,True,108 min,Ex Machina,movie,http://meet-ava.com/,Alex Garland,2015,tt0470752,7.7,"327,004",certified,232
8,"Will Arnett, Elizabeth Banks, Craig Berry, Alison Brie",Nominated for 1 Oscar. Another 71 wins & 59 nominations.,"$244,870,202.00","Australia, USA, Denmark",17 Jun 2014,"Phil Lord, Christopher Miller","Animation, Action, Adventure",English,83,"An ordinary Lego construction worker, thought to be the prophesied 'Special', is recruited to join a quest to stop an evil tyrant from gluing the Lego universe into eternal stasis.",https://images-na.ssl-images-amazon.com/images/M/MV5BMTg4MDk1ODExN15BMl5BanBnXkFtZTgwNzIyNjg3MDE@._V1_SX300.jpg,Warner Bros. Pictures,PG,07 Feb 2014,True,100 min,The LEGO Movie,movie,http://thelegomovie.warnerbros.com/,"Phil Lord (screenplay), Christopher Miller (screenplay), Dan Hageman (story), Kevin Hageman (story), Phil Lord (story), Christopher Miller (story)",2014,tt1490017,7.8,"259,427",certified,226
9,"Brad Pitt, Shia LaBeouf, Logan Lerman, Michael Peña",5 wins & 21 nominations.,"$72,609,225.00","USA, China, UK",27 Jan 2015,David Ayer,"Action, Drama, War","English, German",64,"A grizzled tank commander makes tough decisions as he and his crew fight their way across Germany in April, 1945.",https://images-na.ssl-images-amazon.com/images/M/MV5BMjA4MDU0NTUyN15BMl5BanBnXkFtZTgwMzQxMzY4MjE@._V1_SX300.jpg,Sony Pictures,R,17 Oct 2014,True,134 min,Fury,movie,http://furymovie.tumblr.com/,David Ayer,2014,tt2713180,7.6,"324,490",certified,229
10,"Ian McKellen, Martin Freeman, Richard Armitage, Ken Stott",Nominated for 1 Oscar. Another 6 wins & 45 nominations.,"$187,747,747.00","New Zealand, USA",24 Mar 2015,Peter Jackson,"Adventure, Fantasy",English,59,Bilbo and Company are forced to engage in a war against an array of combatants and keep the Lonely Mountain from falling into the hands of a rising darkness.,https://images-na.ssl-images-amazon.com/images/M/MV5BODAzMDgxMDc1MF5BMl5BanBnXkFtZTgwMTI0OTAzMjE@._V1_SX300.jpg,Warner Bros.,PG-13,17 Dec 2014,True,144 min,The Hobbit: The Battle of the Five Armies,movie,http://www.thehobbit.com/,"Fran Walsh (screenplay), Philippa Boyens (screenplay), Peter Jackson (screenplay), Guillermo del Toro (screenplay), J.R.R. Tolkien (novel)",2014,tt2310332,7.4,"375,648",rotten,232
11,"Denzel Washington, Marton Csokas, Chloë Grace Moretz, David Harbour",1 win & 6 nominations.,"$85,212,969.00",USA,30 Dec 2014,Antoine Fuqua,"Action, Crime, Thriller","English, Russian, Spanish",57,"A man believes he has put his mysterious past behind him and has dedicated himself to beginning a new, quiet life. But when he meets a young girl under the control of ultra-violent Russian gangsters, he can't stand idly by - he has to help her.",https://images-na.ssl-images-amazon.com/images/M/MV5BMTQ2MzE2NTk0NF5BMl5BanBnXkFtZTgwOTM3NTk1MjE@._V1_SX300.jpg,Sony Pictures,R,26 Sep 2014,True,132 min,The Equalizer,movie,http://www.equalizerthemovie.com/,"Richard Wenk, Michael Sloan (television series), Richard Lindheim (television series)",2014,tt0455944,7.2,"243,278",fresh,181
12,"Adrian Quinton, Colin Firth, Mark Strong, Jonno Davies",6 wins & 21 nominations.,"$119,469,511.00","UK, USA",09 Jun 2015,Matthew Vaughn,"Action, Adventure, Comedy","English, Arabic, Swedish",58,"A spy organization recruits an unrefined, but promising street kid into the agency's ultra-competitive training program, just as a global threat emerges from a twisted tech genius.",https://images-na.ssl-images-amazon.com/images/M/MV5BMTkxMjgwMDM4Ml5BMl5BanBnXkFtZTgwMTk3NTIwNDE@._V1_SX300.jpg,20th Century Fox,R,13 Feb 2015,True,129 min,Kingsman: The Secret Service,movie,http://www.KingsmanMovie.com,"Jane Goldman (screenplay), Matthew Vaughn (screenplay), Mark Millar (comic book ""The Secret Service""), Dave Gibbons (comic book ""The Secret Service"")",2014,tt2802144,7.7,"426,156",fresh,224
13,"Shailene Woodley, Theo James, Ashley Judd, Jai Courtney",7 wins & 11 nominations.,"$129,520,735.00",USA,04 Aug 2014,Neil Burger,"Adventure, Mystery, Sci-Fi","English, Spanish",48,"In a world divided by factions based on virtues, Tris learns she's Divergent and won't fit in. When she discovers a plot to destroy Divergents, Tris and the mysterious Four must find out what makes Divergents dangerous before it's too late.",https://images-na.ssl-images-amazon.com/images/M/MV5BMTYxMzYwODE4OV5BMl5BanBnXkFtZTgwNDE5MzE2MDE@._V1_SX300.jpg,Lionsgate Films/Summit Entertainment,PG-13,21 Mar 2014,True,139 min,Divergent,movie,http://www.facebook.com/DivergentMovie,"Evan Daugherty (screenplay), Vanessa Taylor (screenplay), Veronica Roth (novel)",2014,tt1840309,6.7,"356,759",rotten,203
14,"Scott Adsit, Ryan Potter, Daniel Henney, T.J. Miller",Won 1 Oscar. Another 13 wins & 53 nominations.,N/A,USA,24 Feb 2015,"Don Hall, Chris Williams","Animation, Action, Adventure",English,74,"The special bond that develops between plus-sized inflatable robot Baymax, and prodigy Hiro Hamada, who team up with a group of friends to form a band of high-tech heroes.",https://images-na.ssl-images-amazon.com/images/M/MV5BMDliOTIzNmUtOTllOC00NDU3LWFiNjYtMGM0NDc1YTMxNjYxXkEyXkFqcGdeQXVyNTM3NzExMDQ@._V1_SX300.jpg,Walt Disney Pictures,PG,07 Nov 2014,True,102 min,Big Hero 6,movie,http://www.disney.com/BigHero6,"Jordan Roberts (screenplay), Robert L. Baird (screenplay), Daniel Gerson (screenplay), Man of Action (Big Hero 6 team and characters created by), Steven T. Seagle (characters), Duncan Rouleau (characters), Joe Kelly (characters), Joe Casey (characters)",2014,tt2245084,7.9,"300,379",certified,197
15,"Alicia Vikander, Taron Egerton, Colin Morgan, Dominic West",5 wins & 5 nominations.,N/A,"UK, Denmark",20 Oct 2015,James Kent,"Biography, Drama, History",English,76,"A British woman recalls coming of age during World War I - a story of young love, the futility of war, and how to make sense of the darkest times.",https://images-na.ssl-images-amazon.com/images/M/MV5BMTAyOTI3OTgwMTdeQTJeQWpwZ15BbWU4MDAwNzM2NDUx._V1_SX300.jpg,Sony Pictures Classics,PG-13,16 Jan 2015,True,129 min,Testament of Youth,movie,http://sonyclassics.com/testamentofyouth/,"Vera Brittain (autobiography), Juliette Towhidi (screenplay)",2014,tt1441953,7.3,"16,987",certified,116
16,"Eddie Redmayne, Felicity Jones, Tom Prior, Sophie Perry",Won 1 Oscar. Another 24 wins & 119 nominations.,"$35,887,263.00","UK, Japan",17 Feb 2015,James Marsh,"Biography, Drama, Romance","English, French, Latin, Italian",72,A look at the relationship between the famous physicist Stephen Hawking and his wife.,https://images-na.ssl-images-amazon.com/images/M/MV5BMTAwMTU4MDA3NDNeQTJeQWpwZ15BbWU4MDk4NTMxNTIx._V1_SX300.jpg,Focus Features,PG-13,26 Nov 2014,True,123 min,The Theory of Everything,movie,http://www.focusfeatures.com/the_theory_of_everything,"Anthony McCarten (screenplay), Jane Hawking (book)",2014,tt2980516,7.7,"289,553",certified,232
17,"Ralph Fiennes, F. Murray Abraham, Mathieu Amalric, Adrien Brody",Won 4 Oscars. Another 122 wins & 216 nominations.,"$56,939,515.00","USA, Germany, UK",17 Jun 2014,Wes Anderson,"Adventure, Comedy, Drama","English, French",88,"The adventures of Gustave H, a legendary concierge at a famous hotel from the fictional Republic of Zubrowka between the first and second World Wars, and Zero Moustafa, the lobby boy who becomes his most trusted friend.",https://images-na.ssl-images-amazon.com/images/M/MV5BMzM5NjUxOTEyMl5BMl5BanBnXkFtZTgwNjEyMDM0MDE@._V1_SX300.jpg,Fox Searchlight,R,28 Mar 2014,True,99 min,The Grand Budapest Hotel,movie,http://www.grandbudapesthotel.com/,"Stefan Zweig (inspired by the writings of), Wes Anderson (screenplay), Wes Anderson (story), Hugo Guinness (story)",2014,tt2278388,8.1,"510,263",certified,265
18,"Michael Keaton, Emma Stone, Kenny Chin, Jamahl Garrison-Lowe",Won 4 Oscars. Another 188 wins & 271 nominations.,N/A,USA,17 Feb 2015,Alejandro G. Iñárritu,"Comedy, Drama, Romance",English,88,"Illustrated upon the progress of his latest Broadway play, a former popular actor's struggle to cope with his current life as a wasted actor is shown.",https://images-na.ssl-images-amazon.com/images/M/MV5BODAzNDMxMzAxOV5BMl5BanBnXkFtZTgwMDMxMjA4MjE@._V1_SX300.jpg,Fox Searchlight,R,14 Nov 2014,True,119 min,Birdman or (The Unexpected Virtue of Ignorance),movie,http://www.birdmanthemovie.com/,"Alejandro G. Iñárritu, Nicolás Giacobone, Alexander Dinelaris, Armando Bo, Raymond Carver (play)",2014,tt2562232,7.8,"427,842",certified,283
19,"Bailey Spry, Carollette Phillips, Loren Bass, Keir Gilchrist",21 wins & 32 nominations.,"$10,705,259.00",USA,14 Jul 2015,David Robert Mitchell,"Horror, Mystery",English,83,A young woman is followed by an unknown supernatural force after a sexual encounter.,https://images-na.ssl-images-amazon.com/images/M/MV5BMTUwMDEzNDI1MF5BMl5BanBnXkFtZTgwNzAyODU5MzE@._V1_SX300.jpg,Radius-TWC,R,27 Mar 2015,True,100 min,It Follows,movie,http://www.itfollowsfilm.com/,David Robert Mitchell,2014,tt3235888,6.9,"130,410",certified,219
20,"Tom Cruise, Emily Blunt, Brendan Gleeson, Bill Paxton",11 wins & 34 nominations.,"$77,121,429.00","USA, Canada",07 Oct 2014,Doug Liman,"Action, Adventure, Sci-Fi",English,71,"A soldier fighting aliens gets to relive the same day over and over again, the day restarting every time he dies.",https://images-na.ssl-images-amazon.com/images/M/MV5BMTc5OTk4MTM3M15BMl5BanBnXkFtZTgwODcxNjg3MDE@._V1_SX300.jpg,Warner Bros. Pictures,PG-13,06 Jun 2014,True,113 min,Edge of Tomorrow,movie,http://www.edgeoftomorrowmovie.com,"Christopher McQuarrie (screenplay), Jez Butterworth (screenplay), John-Henry Butterworth (screenplay), Hiroshi Sakurazaka (novel)",2014,tt1631867,7.9,"459,882",certified,288
21,"Dan Stevens, Maika Monroe, Brendan Meyer, Sheila Kelley",3 wins & 11 nominations.,"$642,285.00","USA, UK",06 Jan 2015,Adam Wingard,"Action, Crime, Mystery",English,76,"A soldier introduces himself to the Peterson family, claiming to be a friend of their son who died in action. After the young man is welcomed into their home, a series of accidental deaths seem to be connected to his presence.",https://images-na.ssl-images-amazon.com/images/M/MV5BOTQyODc5MTAwM15BMl5BanBnXkFtZTgwNjMwMjA1MjE@._V1_SX300.jpg,Picturehouse Films,R,05 Sep 2014,True,100 min,The Guest,movie,http://theguestmovie.com/,Simon Barrett,2014,tt2980592,6.7,"68,809",certified,100
22,"Andrew Garfield, Emma Stone, Jamie Foxx, Dane DeHaan",3 wins & 29 nominations.,"$183,277,573.00",USA,19 Aug 2014,Marc Webb,"Action, Adventure, Sci-Fi",English,53,"When New York is put under siege by Oscorp, it is up to Spider-Man to save the city he swore to protect as well as his loved ones.",https://images-na.ssl-images-amazon.com/images/M/MV5BOTA5NDYxNTg0OV5BMl5BanBnXkFtZTgwODE5NzU1MTE@._V1_SX300.jpg,Sony Pictures,PG-13,02 May 2014,True,142 min,The Amazing Spider-Man 2,movie,http://www.theamazingspiderman.com/site/,"Alex Kurtzman (screenplay), Roberto Orci (screenplay), Jeff Pinkner (screenplay), Alex Kurtzman (screen story), Roberto Orci (screen story), Jeff Pinkner (screen story), James Vanderbilt (screen story), Stan Lee (Marvel comic book), Steve Ditko (Marvel comic book)",2014,tt1872181,6.7,"333,602",rotten,278
23,"Anna Kendrick, Daniel Huttlestone, James Corden, Emily Blunt",Nominated for 3 Oscars. Another 11 wins & 70 nominations.,"$89,789,227.00","USA, UK, Canada",24 Mar 2015,Rob Marshall,"Adventure, Comedy, Drama",English,69,A witch tasks a childless baker and his wife with procuring magical items from classic fairy tales to reverse the curse put on their family tree.,https://images-na.ssl-images-amazon.com/images/M/MV5BMTY4MzQ4OTY3NF5BMl5BanBnXkFtZTgwNjM5MDI3MjE@._V1_SX300.jpg,Walt Disney Pictures,PG,25 Dec 2014,True,125 min,Into the Woods,movie,http://movies.disney.com/into-the-woods/,"James Lapine (screenplay), Stephen Sondheim (musical), James Lapine (musical)",2014,tt2180411,6.0,"107,706",fresh,196
24,"Sylvester Stallone, Jason Statham, Harrison Ford, Arnold Schwarzenegger",1 win & 4 nominations.,"$34,742,878.00","USA, France, Bulgaria",25 Nov 2014,Patrick Hughes,"Action, Adventure, Thriller","English, Spanish, Romanian",35,"Barney augments his team with new blood for a personal battle: to take down Conrad Stonebanks, the Expendables co-founder and notorious arms trader who is hell bent on wiping out Barney and every single one of his associates.",https://images-na.ssl-images-amazon.com/images/M/MV5BODU5ODMyMzg2MV5BMl5BanBnXkFtZTgwMTA2MTcxMjE@._V1_SX300.jpg,Lionsgate Pictures,PG-13,15 Aug 2014,True,126 min,The Expendables 3,movie,http://theexpendables3film.com/hq,"Sylvester Stallone (screenplay), Creighton Rothenberger (screenplay), Katrin Benedikt (screenplay), Sylvester Stallone (story), Dave Callaham (characters)",2014,tt2333784,6.1,"134,703",rotten,158
25,"Mark Wahlberg, Stanley Tucci, Kelsey Grammer, Nicola Peltz",5 wins & 23 nominations.,"$206,755,538.00","USA, China",30 Sep 2014,Michael Bay,"Action, Adventure, Sci-Fi",English,32,"Autobots must escape sight from a bounty hunter who has taken control of the human serendipity: Unexpectedly, Optimus Prime and his remaining gang turn to a mechanic, his daughter, and her back street racing boyfriend for help.",https://images-na.ssl-images-amazon.com/images/M/MV5BMjEwNTg1MTA5Nl5BMl5BanBnXkFtZTgwOTg2OTM4MTE@._V1_SX300.jpg,Paramount Pictures,PG-13,27 Jun 2014,True,165 min,Transformers: Age of Extinction,movie,http://TransformersMovie.com,Ehren Kruger,2014,tt2109248,5.7,"251,855",rotten,184
26,"Jake Gyllenhaal, Michael Papajohn, Marco Rodríguez, Bill Paxton",Nominated for 1 Oscar. Another 42 wins & 118 nominations.,N/A,USA,10 Feb 2015,Dan Gilroy,"Crime, Drama, Thriller",English,76,"When Louis Bloom, a driven man desperate for work, muscles into the world of L.A. crime journalism, he blurs the line between observer and participant to become the star of his own story. Aiding him in his effort is Nina, a TV-news veteran.",https://images-na.ssl-images-amazon.com/images/M/MV5BMjM5NjkzMjE5MV5BMl5BanBnXkFtZTgwNTMzNTk4MjE@._V1_SX300.jpg,Open Road Films,R,31 Oct 2014,True,117 min,Nightcrawler,movie,http://nightcrawlerfilm.com/,Dan Gilroy,2014,tt2872718,7.9,"322,395",certified,232
27,"Aaron Taylor-Johnson, CJ Adams, Ken Watanabe, Bryan Cranston",5 wins & 28 nominations.,"$172,962,996.00","USA, Japan",16 Sep 2014,Gareth Edwards,"Action, Adventure, Sci-Fi","English, Japanese",62,"The world is beset by the appearance of monstrous creatures, but one of them may be the only one who can save humanity.",https://images-na.ssl-images-amazon.com/images/M/MV5BN2E4ZDgxN2YtZjExMS00MWE5LTg3NjQtNTkxMzJhOTA3MDQ4XkEyXkFqcGdeQXVyMTQxNzMzNDI@._V1_SX300.jpg,Warner Bros Pictures,PG-13,16 May 2014,True,123 min,Godzilla,movie,http://godzillamovie.com,"Max Borenstein (screenplay), Dave Callaham (story)",2014,tt0831387,6.5,"309,726",certified,287
28,"Dylan O'Brien, Aml Ameen, Ki Hong Lee, Blake Cooper",4 wins & 10 nominations.,"$98,537,272.00","USA, UK",16 Dec 2014,Wes Ball,"Action, Mystery, Sci-Fi",English,57,"Thomas is deposited in a community of boys after his memory is erased, soon learning they're all trapped in a maze that will require him to join forces with fellow ""runners"" for a shot at escape.",https://images-na.ssl-images-amazon.com/images/M/MV5BMjUyNTA3MTAyM15BMl5BanBnXkFtZTgwOTEyMTkyMjE@._V1_SX300.jpg,20th Century Fox,PG-13,19 Sep 2014,True,113 min,The Maze Runner,movie,http://themazerunnermovie.com/,"Noah Oppenheim (screenplay), Grant Pierce Myers (screenplay), T.S. Nowlin (screenplay), James Dashner (novel)",2014,tt1790864,6.8,"328,115",fresh,150
29,"Chris Evans, Samuel L. Jackson, Scarlett Johansson, Robert Redford",Nominated for 1 Oscar. Another 5 wins & 49 nominations.,"$228,636,083.00",USA,09 Sep 2014,"Anthony Russo, Joe Russo","Action, Adventure, Sci-Fi","English, French",70,"As Steve Rogers struggles to embrace his role in the modern world, he teams up with a fellow Avenger and S.H.I.E.L.D agent, Black Widow, to battle a new threat from history: an assassin known as the Winter Soldier.",https://images-na.ssl-images-amazon.com/images/M/MV5BMzA2NDkwODAwM15BMl5BanBnXkFtZTgwODk5MTgzMTE@._V1_SX300.jpg,Walt Disney Pictures,PG-13,04 Apr 2014,True,136 min,Captain America: The Winter Soldier,movie,http://marvel.com/captainamerica,"Christopher Markus (screenplay), Stephen McFeely (screenplay), Joe Simon (based on the Marvel comic by), Jack Kirby (based on the Marvel comic by)",2014,tt1843866,7.8,"527,499",certified,264
30,"Andy Serkis, Jason Clarke, Gary Oldman, Keri Russell",Nominated for 1 Oscar. Another 15 wins & 46 nominations.,"$183,278,877.00",USA,02 Dec 2014,Matt Reeves,"Action, Adventure, Drama","English, American Sign Language",79,A growing nation of genetically evolved apes led by Caesar is threatened by a band of human survivors of the devastating virus unleashed a decade earlier.,https://images-na.ssl-images-amazon.com/images/M/MV5BMTgwODk3NDc1N15BMl5BanBnXkFtZTgwNTc1NjQwMjE@._V1_SX300.jpg,20th Century Fox,PG-13,11 Jul 2014,True,130 min,Dawn of the Planet of the Apes,movie,http://www.apes2014.com/,"Mark Bomback, Rick Jaffa, Amanda Silver, Rick Jaffa (characters), Amanda Silver (characters), Pierre Boulle (novel)",2014,tt2103281,7.6,"330,569",certified,281
31,"Bradley Cooper, Kyle Gallner, Cole Konis, Ben Reed",Won 1 Oscar. Another 18 wins & 38 nominations.,"$274,377,268.00",USA,19 May 2015,Clint Eastwood,"Action, Biography, Drama","English, Arabic",72,"Navy S.E.A.L. sniper Chris Kyle's pinpoint accuracy saves countless lives on the battlefield and turns him into a legend. Back home to his wife and kids after four tours of duty, however, Chris finds that it is the war he can't leave behind.",https://images-na.ssl-images-amazon.com/images/M/MV5BMTkxNzI3ODI4Nl5BMl5BanBnXkFtZTgwMjkwMjY4MjE@._V1_SX300.jpg,Warner Bros.,R,16 Jan 2015,True,133 min,American Sniper,movie,http://www.americansnipermovie.com,"Jason Hall, Chris Kyle (book), Scott McEwen (book), Jim DeFelice (book)",2014,tt2179136,7.3,"344,531",certified,255
32,"Jonah Hill, Channing Tatum, Peter Stormare, Wyatt Russell",7 wins & 22 nominations.,"$154,295,930.00",USA,18 Nov 2014,"Phil Lord, Christopher Miller","Action, Comedy, Crime",English,71,"After making their way through high school (twice), big changes are in store for officers Schmidt and Jenko when they go deep undercover at a local college.",https://images-na.ssl-images-amazon.com/images/M/MV5BMTcwNzAxMDU1M15BMl5BanBnXkFtZTgwNDE2NTU1MTE@._V1_SX300.jpg,Sony Pictures,R,13 Jun 2014,True,112 min,22 Jump Street,movie,http://www.22jumpstreetmovie.com/site/,"Michael Bacall (screenplay), Oren Uziel (screenplay), Rodney Rothman (screenplay), Michael Bacall (story), Jonah Hill (story), Patrick Hasburgh (television series ""21 Jump Street""), Stephen J. Cannell (television series ""21 Jump Street"")",2014,tt2294449,7.1,"273,994",certified,200
33,"Bill Murray, Melissa McCarthy, Naomi Watts, Chris O'Dowd",Nominated for 2 Golden Globes. Another 6 wins & 18 nominations.,"$33,454,313.00",USA,17 Feb 2015,Theodore Melfi,"Comedy, Drama","English, Spanish",64,"A young boy whose parents have just divorced finds an unlikely friend and mentor in the misanthropic, bawdy, hedonistic war veteran who lives next door.",https://images-na.ssl-images-amazon.com/images/M/MV5BMTk5NzI5OTA4MF5BMl5BanBnXkFtZTgwNjc4NTM3MjE@._V1_SX300.jpg,The Weinstein Company,PG-13,24 Oct 2014,True,102 min,St. Vincent,movie,http://stvincentfilm.com/,Theodore Melfi (screenplay),2014,tt2170593,7.3,"78,590",certified,172
34,"Reese Witherspoon, Laura Dern, Thomas Sadoski, Keene McRae",Nominated for 2 Oscars. Another 11 wins & 63 nominations.,"$24,673,716.00",USA,31 Mar 2015,Jean-Marc Vallée,"Adventure, Biography, Drama",English,76,"A chronicle of one woman's 1,100-mile solo hike undertaken as a way to recover from a recent personal tragedy.",https://images-na.ssl-images-amazon.com/images/M/MV5BMTczNzI2MDc1Ml5BMl5BanBnXkFtZTgwOTU5NTYxMjE@._V1_SX300.jpg,20th Century Fox,R,19 Dec 2014,True,115 min,Wild,movie,http://www.foxsearchlight.com/wild/,"Nick Hornby (screenplay), Cheryl Strayed (memoir ""Wild: From Lost to Found on the Pacific Crest Trail"")",2014,tt2305051,7.1,"93,121",certified,243
35,"Shailene Woodley, Ansel Elgort, Nat Wolff, Laura Dern",21 wins & 12 nominations.,N/A,USA,16 Sep 2014,Josh Boone,"Drama, Romance",English,69,Two teenage cancer patients begin a life-affirming journey to visit a reclusive author in Amsterdam.,https://images-na.ssl-images-amazon.com/images/M/MV5BMjA4NzkxNzc5Ml5BMl5BanBnXkFtZTgwNzQ3OTMxMTE@._V1_SX300.jpg,20th Century Fox,PG-13,06 Jun 2014,True,126 min,The Fault in Our Stars,movie,http://www.facebook.com/faultinourstarsmovie,"Scott Neustadter (screenplay), Michael H. Weber (screenplay), John Green (book)",2014,tt2582846,7.8,"265,891",certified,202
36,"Megan Fox, Will Arnett, William Fichtner, Alan Ritchson",1 win & 10 nominations.,"$163,911,409.00",USA,16 Dec 2014,Jonathan Liebesman,"Action, Adventure, Comedy","English, Japanese",31,"When a kingpin threatens New York City, a group of mutated turtle warriors must emerge from the shadows to protect their home.",https://images-na.ssl-images-amazon.com/images/M/MV5BNjUzODQ5MDY5NV5BMl5BanBnXkFtZTgwOTc1NzcyMjE@._V1_SX300.jpg,Paramount Pictures,PG-13,08 Aug 2014,True,101 min,Teenage Mutant Ninja Turtles,movie,http://www.teenagemutantninjaturtlesmovie.com/,"Josh Appelbaum, André Nemec, Evan Daugherty, Peter Laird (based on the Teenage Mutant Ninja Turtles characters created by), Kevin Eastman (based on the Teenage Mutant Ninja Turtles characters created by)",2014,tt1291150,5.9,"175,835",rotten,136
37,"Ellar Coltrane, Patricia Arquette, Elijah Smith, Lorelei Linklater",Won 1 Oscar. Another 170 wins & 205 nominations.,"$18,859,617.00",USA,06 Jan 2015,Richard Linklater,Drama,"English, Spanish",100,"The life of Mason, from early childhood to his arrival at college.",https://images-na.ssl-images-amazon.com/images/M/MV5BMTYzNDc2MDc0N15BMl5BanBnXkFtZTgwOTcwMDQ5MTE@._V1_SX300.jpg,IFC Films,R,15 Aug 2014,True,165 min,Boyhood,movie,http://www.ifcfilms.com/films/boyhood,Richard Linklater,2014,tt1065073,7.9,"280,864",certified,276
38,"Jack O'Connell, Domhnall Gleeson, Garrett Hedlund, Miyavi",Nominated for 3 Oscars. Another 13 wins & 26 nominations.,"$70,500,647.00",USA,24 Mar 2015,Angelina Jolie,"Biography, Drama, Sport","English, Japanese, Italian",59,"After a near-fatal plane crash in WWII, Olympian Louis Zamperini spends a harrowing 47 days in a raft with two fellow crewmen before he's caught by the Japanese navy and sent to a prisoner-of-war camp.",https://images-na.ssl-images-amazon.com/images/M/MV5BMTY3ODg2OTgyOF5BMl5BanBnXkFtZTgwODk1OTAwMzE@._V1_SX300.jpg,Universal Pictures,PG-13,25 Dec 2014,True,137 min,Unbroken,movie,http://www.unbrokenfilm.com/,"Joel Coen (screenplay), Ethan Coen (screenplay), Richard LaGravenese (screenplay), William Nicholson (screenplay), Laura Hillenbrand (book)",2014,tt1809398,7.2,"110,977",rotten,207
39,"Ethan Hawke, Sarah Snook, Christopher Kirby, Christopher Sommers",7 wins & 13 nominations.,"$201,560.00",Australia,10 Feb 2015,"Michael Spierig, Peter Spierig","Drama, Mystery, Sci-Fi",English,69,"For his final assignment, a top temporal agent must pursue the one criminal that has eluded him throughout time. The chase turns into a unique, surprising and mind-bending exploration of love, fate, identity and time travel taboos.",https://images-na.ssl-images-amazon.com/images/M/MV5BMTAzODc3NjU1NzNeQTJeQWpwZ15BbWU4MDk5NTQ4NTMx._V1_SX300.jpg,Sony Pictures,R,09 Jan 2015,True,97 min,Predestination,movie,http://www.facebook.com/PredestinationMovie,"Michael Spierig, Peter Spierig, Robert A. Heinlein (story ""All You Zombies"")",2014,tt2397535,7.5,"181,943",certified,100
40,"Angelina Jolie, Elle Fanning, Sharlto Copley, Lesley Manville",Nominated for 1 Oscar. Another 9 wins & 40 nominations.,"$190,871,149.00","USA, UK",04 Nov 2014,Robert Stromberg,"Action, Adventure, Family",English,56,"A vengeful fairy is driven to curse an infant princess, only to discover that the child may be the one person who can restore peace to their troubled land.",https://images-na.ssl-images-amazon.com/images/M/MV5BMjAwMzAzMzExOF5BMl5BanBnXkFtZTgwOTcwMDA5MTE@._V1_SX300.jpg,Walt Disney Pictures,PG,30 May 2014,True,97 min,Maleficent,movie,http://disney.com/Maleficent,"Linda Woolverton (screenplay), Charles Perrault (based on ""La Belle au bois dormant"" written by)",2014,tt1587310,7.0,"264,276",rotten,201
41,"Seth MacFarlane, Charlize Theron, Amanda Seyfried, Liam Neeson",6 nominations.,"$37,331,031.00",USA,07 Oct 2014,Seth MacFarlane,"Comedy, Romance, Western","English, Navajo, Mandarin",44,"As a cowardly farmer begins to fall for the mysterious new woman in town, he must put his new-found courage to the test when her husband, a notorious gun-slinger, announces his arrival.",https://images-na.ssl-images-amazon.com/images/M/MV5BMTQ0NDcyNjg0MV5BMl5BanBnXkFtZTgwMzk4NTA4MTE@._V1_SX300.jpg,Universal Pictures,R,30 May 2014,True,116 min,A Million Ways to Die in the West,movie,http://www.amillionways.com,"Seth MacFarlane, Alec Sulkin, Wellesley Wild",2014,tt2557490,6.1,"141,448",rotten,192
42,"Scarlett Johansson, Morgan Freeman, Min-sik Choi, Amr Waked",1 win & 8 nominations.,"$108,521,370.00",France,20 Jan 2015,Luc Besson,"Action, Sci-Fi, Thriller","English, French, Spanish, Korean, Chinese",61,"A woman, accidentally caught in a dark deal, turns the tables on her captors and transforms into a merciless warrior evolved beyond human logic.",https://images-na.ssl-images-amazon.com/images/M/MV5BODcxMzY3ODY1NF5BMl5BanBnXkFtZTgwNzg1NDY4MTE@._V1_SX300.jpg,Universal Pictures,R,25 Jul 2014,True,89 min,Lucy,movie,http://www.lucymovie.com/,Luc Besson,2014,tt2872732,6.4,"344,700",fresh,209
43,"Tate Donovan, Josh Keaton, Roger Bart, Danny DeVito",Nominated for 1 Oscar. Another 9 wins & 15 nominations.,N/A,USA,09 Nov 1999,"Ron Clements, John Musker","Animation, Adventure, Comedy","English, Spanish, Greek",N/A,The son of the Greek Gods Zeus and Hera is stripped of his immortality as an infant and must become a true hero in order to reclaim it.,https://images-na.ssl-images-amazon.com/images/M/MV5BZDcwYjEyNWItMGI1Mi00MjI1LWIyMDEtMTQ4YjhkNjM4NDU3XkEyXkFqcGdeQXVyNDUyOTg3Njg@._V1_SX300.jpg,Buena Vista Internationa,G,27 Jun 1997,True,93 min,Hercules,movie,N/A,"Ron Clements (animation screenplay by), John Musker (animation screenplay by), Don McEnery (animation screenplay by), Bob Shaw (animation screenplay by), Irene Mecchi (animation screenplay by), Kaan Kalyon (story), Kelly Wightman (story), Randy Cartwright (story), John Ramirez (story), Jeff Snow (story), Vance Gerry (story), Kirk Hanson (story), Tamara Lusher (story), Francis Glebas (story), Mark Kennedy (story), Bruce Morris (story), Don Dougherty (story), Thom Enriquez (story)",1997,tt0119282,7.2,"151,030",certified,52
44,"Jeff Bridges, Meryl Streep, Brenton Thwaites, Alexander Skarsgård",1 win & 5 nominations.,"$33,480,518.00","South Africa, Canada, USA",25 Nov 2014,Phillip Noyce,"Drama, Romance, Sci-Fi",English,47,"In a seemingly perfect community, without war, pain, suffering, differences or choice, a young boy is chosen to learn from an elderly man about the true pain and pleasure of the ""real"" world.",https://images-na.ssl-images-amazon.com/images/M/MV5BMTY1MTIxMjg2Ml5BMl5BanBnXkFtZTgwMjUyNzgwMjE@._V1_SX300.jpg,The Weinstein Company,PG-13,15 Aug 2014,True,97 min,The Giver,movie,http://thegiverfilm.com/,"Michael Mitnick (screenplay), Robert B. Weide (screenplay), Lois Lowry (book)",2014,tt0435651,6.5,"92,215",rotten,149
45,"Sullivan Stapleton, Eva Green, Lena Headey, Hans Matheson",1 win & 5 nominations.,"$91,024,535.00",USA,24 Jun 2014,Noam Murro,"Action, Drama, Fantasy",English,48,"Greek general Themistokles leads the charge against invading Persian forces led by mortal-turned-god Xerxes and Artemisia, vengeful commander of the Persian navy.",https://images-na.ssl-images-amazon.com/images/M/MV5BMTEwNTU2MjAwMDdeQTJeQWpwZ15BbWU3MDk2Njc2Njk@._V1_SX300.jpg,Warner Bros. Pictures,R,07 Mar 2014,True,102 min,300: Rise of an Empire,movie,http://www.300themovie.com/,"Zack Snyder (screenplay), Kurt Johnstad (screenplay), Frank Miller (graphic novel ""Xerxes"")",2014,tt1253863,6.2,"233,444",rotten,175
46,"Essie Davis, Noah Wiseman, Hayley McElhinney, Daniel Henshall",49 wins & 57 nominations.,N/A,"Australia, Canada",13 Apr 2015,Jennifer Kent,"Drama, Horror",English,86,"A single mother, plagued by the violent death of her husband, battles with her son's fear of a monster lurking in the house, but soon discovers a sinister presence all around her.",https://images-na.ssl-images-amazon.com/images/M/MV5BMTk0NzMzODc2NF5BMl5BanBnXkFtZTgwOTYzNTM1MzE@._V1_SX300.jpg,IFC Films,NOT RATED,28 Nov 2014,True,93 min,The Babadook,movie,http://www.thebabadook.com,Jennifer Kent,2014,tt2321549,6.8,"125,779",certified,206
47,"James Franco, Seth Rogen, Lizzy Caplan, Randall Park",1 win & 3 nominations.,"$4,551,688.00",USA,17 Feb 2015,"Evan Goldberg, Seth Rogen",Comedy,"English, Korean",52,"Dave Skylark and his producer Aaron Rapoport run the celebrity tabloid show ""Skylark Tonight"". When they land an interview with a surprise fan, North Korean dictator Kim Jong-un, they are recruited by the CIA to turn their trip to Pyongyang into an assassination mission.",https://images-na.ssl-images-amazon.com/images/M/MV5BMTQzMTcwMzgyMV5BMl5BanBnXkFtZTgwMzAyMzQ2MzE@._V1_SX300.jpg,Sony Pictures,R,24 Dec 2014,True,112 min,The Interview,movie,http://theinterviewmovie.tumblr.com/,"Dan Sterling (screenplay), Seth Rogen (story), Evan Goldberg (story), Dan Sterling (story)",2014,tt2788710,6.6,"256,829",rotten,135
48,,,,,,,,,,,,,,,,,,,,,,,,,,
49,"Michelle Monaghan, James Marsden, Luke Bracey, Liana Liberato",N/A,"$21,984,384.00",USA,03 Feb 2015,Michael Hoffman,"Drama, Romance",English,29,A pair of former high school sweethearts reunite after many years when they return to visit their small hometown.,https://images-na.ssl-images-amazon.com/images/M/MV5BMzQ5Njg3Njk5N15BMl5BanBnXkFtZTgwODIwODIxMjE@._V1_SX300.jpg,Relativity Media,PG-13,17 Oct 2014,True,118 min,The Best of Me,movie,http://www.facebook.com/BestOfMeMovie,"J. Mills Goodloe (screenplay), Will Fetters (screenplay), Nicholas Sparks (novel)",2014,tt1972779,6.7,"47,455",rotten,74
50,"Joanna Newsom, Katherine Waterston, Joaquin Phoenix, Jordan Christian Hearn",Nominated for 2 Oscars. Another 15 wins & 92 nominations.,"$6,100,613.00",USA,28 Apr 2015,Paul Thomas Anderson,"Comedy, Crime, Drama","English, Japanese",81,"In 1970, drug-fueled Los Angeles private investigator Larry ""Doc"" Sportello investigates the disappearance of a former girlfriend.",https://images-na.ssl-images-amazon.com/images/M/MV5BMjI2ODQ2NzUwMl5BMl5BanBnXkFtZTgwNjU3NTE4MjE@._V1_SX300.jpg,Warner Bros. Pictures,R,09 Jan 2015,True,148 min,Inherent Vice,movie,http://inherentvicemovie.com/,"Paul Thomas Anderson (written for the screen by), Thomas Pynchon (based on the novel by)",2014,tt1791528,6.7,"67,276",fresh,223
51,"Jon Favreau, John Leguizamo, Bobby Cannavale, Emjay Anthony",2 wins & 4 nominations.,"$23,678,226.00",USA,30 Sep 2014,Jon Favreau,"Comedy, Drama","English, Spanish",68,"A head chef quits his restaurant job and buys a food truck in an effort to reclaim his creative promise, while piecing back together his estranged family.",https://images-na.ssl-images-amazon.com/images/M/MV5BMTY5NTYzNTA1M15BMl5BanBnXkFtZTgwODIwODU1MTE@._V1_SX300.jpg,Open Road Films,R,30 May 2014,True,114 min,Chef,movie,http://www.facebook.com/ChefTheFilm,Jon Favreau,2014,tt2883512,7.3,"148,830",certified,174
52,"Lily Collins, Sam Claflin, Christian Cooke, Jaime Winstone",N/A,N/A,"Germany, UK",05 May 2015,Christian Ditter,"Comedy, Romance",English,44,"Rosie and Alex have been best friends since they were 5, so they couldn't possibly be right for one another...or could they? When it comes to love, life and making the right choices, these two are their own worst enemies.",https://images-na.ssl-images-amazon.com/images/M/MV5BMTk0Mzg1MTU1MF5BMl5BanBnXkFtZTgwMjU3ODI2MzE@._V1_SX300.jpg,Film Arcade,R,22 Oct 2014,True,102 min,"Love, Rosie",movie,http://www.facebook.com/LoveRosie.film,"Juliette Towhidi (screenplay), Cecelia Ahern (novel)",2014,tt1638002,7.2,"77,663",rotten,51
53,"Tom Hardy, Noomi Rapace, James Gandolfini, Matthias Schoenaerts",3 wins & 4 nominations.,"$8,709,169.00",USA,20 Jan 2015,Michaël R. Roskam,"Crime, Drama, Mystery","English, Russian",69,"Bob Saginowski finds himself at the center of a robbery gone awry and entwined in an investigation that digs deep into the neighborhood's past where friends, families, and foes all work together to make a living - no matter the cost.",https://images-na.ssl-images-amazon.com/images/M/MV5BMTkyNjMzODUzNV5BMl5BanBnXkFtZTgwNjIxNDI1MTE@._V1_SX300.jpg,Fox Searchlight,R,12 Sep 2014,True,106 min,The Drop,movie,http://www.foxsearchlight.com/thedrop/,"Dennis Lehane (screenplay), Dennis Lehane (short story ""Animal Rescue"")",2014,tt1600196,7.1,"113,234",certified,188
54,"Jeff Bridges, Ben Barnes, Julianne Moore, Alicia Vikander",2 wins & 1 nomination.,"$14,945,592.00","USA, UK, Canada, China",26 May 2015,Sergei Bodrov,"Action, Adventure, Fantasy",English,30,"When Mother Malkin, the queen of evil witches, escapes the pit she was imprisoned in by professional monster hunter Spook decades ago and kills his apprentice, he recruits young Tom, the seventh son of the seventh son, to help him.",https://images-na.ssl-images-amazon.com/images/M/MV5BMjAxNTg2MDkyN15BMl5BanBnXkFtZTgwNzA3NzY1MjE@._V1_SX300.jpg,Universal,PG-13,06 Feb 2015,True,102 min,Seventh Son,movie,http://www.seventhsonmovie.com,"Charles Leavitt (screenplay), Steven Knight (screenplay), Matt Greenberg (screen story), Joseph Delaney (novel)",2014,tt1121096,5.5,"57,965",rotten,111
55,"Seth Rogen, Rose Byrne, Elise Vargas, Zoey Vargas",6 wins & 11 nominations.,"$134,413,041.00",USA,23 Sep 2014,Nicholas Stoller,Comedy,English,68,"After they are forced to live next to a fraternity house, a couple with a newborn baby do whatever they can to take them down.",https://images-na.ssl-images-amazon.com/images/M/MV5BOTQ0OTkzODgyNF5BMl5BanBnXkFtZTgwOTA3OTE4MDE@._V1_SX300.jpg,Universal Pictures,R,09 May 2014,True,97 min,Neighbors,movie,http://www.neighbors-movie.com/,"Andrew Jay Cohen, Brendan O'Brien",2014,tt2004420,6.4,"232,295",certified,205
56,"Jake Johnson, Damon Wayans Jr., Rob Riggle, Nina Dobrev",1 nomination.,N/A,USA,11 Nov 2014,Luke Greenfield,Comedy,English,30,"Two struggling pals dress as police officers for a costume party and become neighborhood sensations. But when these newly-minted ""heroes"" get tangled in a real life web of mobsters and dirty detectives, they must put their fake badges on the line.",https://images-na.ssl-images-amazon.com/images/M/MV5BMjI3MDY2ODQwNF5BMl5BanBnXkFtZTgwNjUzNjE4MTE@._V1_SX300.jpg,20th Century Fox,R,13 Aug 2014,True,104 min,Let's Be Cops,movie,http://www.letsbecops.com/,"Luke Greenfield, Nicholas Thomas",2014,tt1924435,6.5,"110,673",rotten,75
57,"David Oyelowo, Carmen Ejogo, Jim France, Trinity Simone",Won 1 Oscar. Another 57 wins & 87 nominations.,N/A,"UK, USA",05 May 2015,Ava DuVernay,"Biography, Drama, History",English,89,"A chronicle of Martin Luther King's campaign to secure equal voting rights via an epic march from Selma to Montgomery, Alabama in 1965.",https://images-na.ssl-images-amazon.com/images/M/MV5BZGZkNzFkYTgtYTBkZC00M2MzLWJhNzUtMGE4YzRhYmU2Zjg0XkEyXkFqcGdeQXVyMTQxNzMzNDI@._V1_SX300.jpg,Paramount Pictures,PG-13,09 Jan 2015,True,128 min,Selma,movie,http://www.selmamovie.com/,Paul Webb,2014,tt1020072,7.5,"65,618",certified,229
58,"Zoey Deutch, Lucy Fry, Danila Kozlovsky, Gabriel Byrne",2 nominations.,"$7,508,090.00","USA, UK",20 May 2014,Mark Waters,"Action, Comedy, Fantasy",English,30,"Rose Hathaway is a Dhampir, half human-half vampire, a guardian of the Moroi, peaceful, mortal vampires living discreetly within our world. Her calling is to protect the Moroi from bloodthirsty, immortal Vampires, the Strigoi.",https://images-na.ssl-images-amazon.com/images/M/MV5BMTUyOTI0MzUyM15BMl5BanBnXkFtZTgwMzI2MzU0MDE@._V1_SX300.jpg,The Weinstein Company,PG-13,07 Feb 2014,True,104 min,Vampire Academy,movie,http://va-movie.com/#,"Richelle Mead (novel), Daniel Waters (screenplay)",2014,tt1686821,5.6,"43,340",rotten,49
59,"Cameron Diaz, Jason Segel, Rob Corddry, Ellie Kemper",2 wins & 3 nominations.,"$34,279,302.00",USA,21 Oct 2014,Jake Kasdan,"Comedy, Romance","English, Ukrainian",36,"A married couple wake up to discover that the sex tape they made the evening before has gone missing, leading to a frantic search for its whereabouts.",https://images-na.ssl-images-amazon.com/images/M/MV5BNDYzMzg5OTA0Ml5BMl5BanBnXkFtZTgwNjQzNzExMjE@._V1_SX300.jpg,Sony Pictures,R,18 Jul 2014,True,94 min,Sex Tape,movie,http://www.sonypictures.com/movies/sextape/,"Kate Angelo (screenplay), Jason Segel (screenplay), Nicholas Stoller (screenplay), Kate Angelo (story)",2014,tt1956620,5.1,"88,156",rotten,145
60,"Jennifer Lawrence, Josh Hutcherson, Liam Hemsworth, Woody Harrelson",Nominated for 1 Golden Globe. Another 17 wins & 26 nominations.,"$295,457,212.00",USA,06 Mar 2015,Francis Lawrence,"Adventure, Sci-Fi, Thriller",English,64,"Katniss Everdeen is in District 13 after she shatters the games forever. Under the leadership of President Coin and the advice of her trusted friends, Katniss spreads her wings as she fights to save Peeta and a nation moved by her courage.",https://images-na.ssl-images-amazon.com/images/M/MV5BMTcxNDI2NDAzNl5BMl5BanBnXkFtZTgwODM3MTc2MjE@._V1_SX300.jpg,Lionsgate Films,PG-13,21 Nov 2014,True,123 min,The Hunger Games: Mockingjay - Part 1,movie,http://www.facebook.com/thehungergamesmovie,"Peter Craig (screenplay), Danny Strong (screenplay), Suzanne Collins (adaptation), Suzanne Collins (novel)",2014,tt1951265,6.7,"322,491",fresh,252
61,"Jay Baruchel, Cate Blanchett, Gerard Butler, Craig Ferguson",Nominated for 1 Oscar. Another 13 wins & 59 nominations.,"$147,065,544.00",USA,11 Nov 2014,Dean DeBlois,"Animation, Action, Adventure",English,76,"When Hiccup and Toothless discover an ice cave that is home to hundreds of new wild dragons and the mysterious Dragon Rider, the two friends find themselves at the center of a battle to protect the peace.",https://images-na.ssl-images-amazon.com/images/M/MV5BMzMwMTAwODczN15BMl5BanBnXkFtZTgwMDk2NDA4MTE@._V1_SX300.jpg,20th Century Fox,PG,13 Jun 2014,True,102 min,How to Train Your Dragon 2,movie,http://www.howtotrainyourdragon.com,"Dean DeBlois, Cressida Cowell (""How to Train Your Dragon"" book series)",2014,tt1646971,7.9,"232,909",certified,165
62,"Jemaine Clement, Taika Waititi, Jonny Brugh, Cori Gonzalez-Macuer",23 wins & 17 nominations.,N/A,"New Zealand, USA",21 Jul 2015,"Jemaine Clement, Taika Waititi","Comedy, Fantasy, Horror","English, German, Spanish",76,"A documentary team films the lives of a group of vampires for a few months. The vampires share a house in Wellington, New Zealand. Turns out vampires have their own domestic problems too.",https://images-na.ssl-images-amazon.com/images/M/MV5BMjAwNDA5NzEwM15BMl5BanBnXkFtZTgwMTA1MDUyNDE@._V1_SX300.jpg,Paladin Pictures,R,13 Feb 2015,True,86 min,What We Do in the Shadows,movie,http://whatwedointheshadows.com/,"Jemaine Clement, Taika Waititi",2014,tt3416742,7.6,"78,942",certified,156
63,"Mickey Rourke, Jessica Alba, Josh Brolin, Joseph Gordon-Levitt",3 wins & 6 nominations.,"$11,064,709.00",USA,18 Nov 2014,"Frank Miller, Robert Rodriguez","Action, Crime, Thriller",English,46,Some of Sin City's most hard-boiled citizens cross paths with a few of its more reviled inhabitants.,https://images-na.ssl-images-amazon.com/images/M/MV5BMjA5ODYwNjgxMF5BMl5BanBnXkFtZTgwMTcwNzAyMjE@._V1_SX300.jpg,Dimension Films,R,22 Aug 2014,True,102 min,Sin City: A Dame to Kill For,movie,http://sincity-2.com/,"Frank Miller, Frank Miller (graphic novels)",2014,tt0458481,6.5,"119,401",rotten,169
64,"Christian Bale, Joel Edgerton, John Turturro, Aaron Paul",4 nominations.,N/A,"UK, USA, Spain",17 Mar 2015,Ridley Scott,"Action, Adventure, Drama",English,52,"The defiant leader Moses rises up against the Egyptian Pharaoh Ramses, setting 600,000 slaves on a monumental journey of escape from Egypt and its terrifying cycle of deadly plagues.",https://images-na.ssl-images-amazon.com/images/M/MV5BMjI3MDY0NjkxNl5BMl5BanBnXkFtZTgwNTM3NTA0MzE@._V1_SX300.jpg,20th Century Fox,PG-13,12 Dec 2014,True,150 min,Exodus: Gods and Kings,movie,http://www.exodusgodsandkings.com/,"Adam Cooper, Bill Collage, Jeffrey Caine, Steven Zaillian",2014,tt1528100,6.0,"134,272",rotten,183
65,"Liam Neeson, Forest Whitaker, Famke Janssen, Maggie Grace",3 wins & 2 nominations.,N/A,France,21 Apr 2015,Olivier Megaton,"Action, Thriller","English, Russian",26,"Ex-government operative Bryan Mills is accused of a ruthless murder he never committed or witnessed. As he is tracked and pursued, Mills brings out his particular set of skills to find the true killer and clear his name.",https://images-na.ssl-images-amazon.com/images/M/MV5BNjM5MDU3NTY0M15BMl5BanBnXkFtZTgwOTk2ODU2MzE@._V1_SX300.jpg,20th Century Fox,PG-13,09 Jan 2015,True,109 min,Taken 3,movie,http://takenmovie.com/,"Luc Besson, Robert Mark Kamen, Luc Besson (characters), Robert Mark Kamen (based on characters created by)",2014,tt2446042,6.0,"141,595",rotten,105
66,"Luke Evans, Sarah Gadon, Dominic Cooper, Art Parkinson",2 wins & 3 nominations.,N/A,"USA, Japan",03 Feb 2015,Gary Shore,"Action, Drama, Fantasy","English, Turkish",40,"As his kingdom is being threatened by the Turks, young prince Vlad Tepes must become a monster feared by his own people in order to obtain the power needed to protect his own family, and the families of his kingdom.",https://images-na.ssl-images-amazon.com/images/M/MV5BMTkzNzI1OTI4N15BMl5BanBnXkFtZTgwNTQ2NzEwMjE@._V1_SX300.jpg,Universal Pictures,PG-13,10 Oct 2014,True,92 min,Dracula Untold,movie,http://www.draculauntold.com/,"Matt Sazama (screenplay), Burk Sharpless (screenplay), Bram Stoker (characters)",2014,tt0829150,6.3,"145,769",rotten,115
67,"Jim Carrey, Jeff Daniels, Rob Riggle, Laurie Holden",1 win & 6 nominations.,N/A,USA,17 Feb 2015,"Bobby Farrelly, Peter Farrelly",Comedy,"English, Cantonese",36,"Twenty years since their first adventure, Lloyd and Harry go on a road trip to find Harry's newly discovered daughter, who was given up for adoption.",https://images-na.ssl-images-amazon.com/images/M/MV5BMTYxMzA0MzAyMF5BMl5BanBnXkFtZTgwMjMyNjcwMjE@._V1_SX300.jpg,Universal Pictures,PG-13,14 Nov 2014,True,109 min,Dumb and Dumber To,movie,http://www.dumblr.com/,"Sean Anders, John Morris, Peter Farrelly, Bobby Farrelly, Bennett Yellin, Mike Cerrone, Bennett Yellin (based on characters created by), Peter Farrelly (based on characters created by), Bobby Farrelly (based on characters created by)",2014,tt2096672,5.7,"102,281",rotten,139
68,"Ben Stiller, Robin Williams, Owen Wilson, Steve Coogan",1 win & 3 nominations.,"$81,522,782.00","USA, UK",10 Mar 2015,Shawn Levy,"Adventure, Comedy, Family",English,47,"Larry spans the globe, uniting favorite and new characters while embarking on an epic quest to save the magic before it is gone forever.",https://images-na.ssl-images-amazon.com/images/M/MV5BMjI1MzM2ODEyMV5BMl5BanBnXkFtZTgwNTIzODAwMzE@._V1_SX300.jpg,20th Century Fox,PG,19 Dec 2014,True,98 min,Night at the Museum 3,movie,http://www.nightatthemuseummovie.com/,"David Guion (screenplay), Michael Handelman (screenplay), Mark Friedman (story), David Guion (story), Michael Handelman (story), Thomas Lennon (characters), Robert Ben Garant (characters)",2014,tt2692250,6.2,"72,016",rotten,104
69,"Aaron Paul, Dominic Cooper, Imogen Poots, Scott Mescudi",1 win & 1 nomination.,"$40,138,026.00","USA, UK, France",05 Aug 2014,Scott Waugh,"Action, Crime, Drama",English,39,"Fresh from prison, a street racer who was framed by a wealthy business associate joins a cross country race with revenge in mind. His ex-partner, learning of the plan, places a massive bounty on his head as the race begins.",https://images-na.ssl-images-amazon.com/images/M/MV5BMTY3NjMyMjc3MV5BMl5BanBnXkFtZTgwNTE1MzcwMjE@._V1_SX300.jpg,Walt Disney Studios,PG-13,14 Mar 2014,True,132 min,Need for Speed,movie,http://TheNeedForSpeedMovie.com,"George Gatins (screenplay), George Gatins (story), John Gatins (story)",2014,tt2369135,6.5,"141,132",rotten,158
70,"Russell Crowe, Jennifer Connelly, Ray Winstone, Anthony Hopkins",Nominated for 1 Golden Globe. Another 1 win & 17 nominations.,"$101,160,529.00",USA,29 Jul 2014,Darren Aronofsky,"Action, Adventure, Drama",English,68,A man is chosen by his world's creator to undertake a momentous mission before an apocalyptic flood cleanses the world.,https://images-na.ssl-images-amazon.com/images/M/MV5BNThkMjExYTEtMGYyNi00MWIzLThkNGQtMTM3YzBkZjFhZGI3XkEyXkFqcGdeQXVyMjQ2MTk1OTE@._V1_SX300.jpg,Paramount Pictures,PG-13,28 Mar 2014,True,138 min,Noah,movie,http://www.noahmovie.com/,"Darren Aronofsky, Ari Handel",2014,tt1959490,5.8,"207,144",certified,224
71,"Adam Sandler, Drew Barrymore, Kevin Nealon, Terry Crews",1 win & 10 nominations.,N/A,USA,26 Aug 2014,Frank Coraci,"Comedy, Romance",English,31,"After a bad blind date, a man and woman find themselves stuck together at a resort for families, where their attraction grows as their respective kids benefit from the burgeoning relationship.",https://images-na.ssl-images-amazon.com/images/M/MV5BNzc2ODI5NjAyMl5BMl5BanBnXkFtZTgwMzIyOTE4MDE@._V1_SX300.jpg,Warner Bros. Pictures,PG-13,23 May 2014,True,117 min,Blended,movie,http://blendedmovie.com/,"Ivan Menchell, Clare Sera",2014,tt1086772,6.5,"91,565",rotten,131
72,"Melissa McCarthy, Susan Sarandon, Kathy Bates, Allison Janney",1 win & 6 nominations.,"$51,033,986.00",USA,11 Nov 2014,Ben Falcone,"Comedy, Romance",English,39,"After losing her job and learning that her husband has been unfaithful, a woman hits the road with her profane, hard-drinking grandmother.","https://images-na.ssl-images-amazon.com/images/M/MV5BMjIyMDg1ODM5OV5BMl5BanBnXkFtZTgwMTM4NzgxMTE@._V1._CR3,3,863,1275_SY132_CR0,0,89,132_AL_.jpg_V1_SX300.jpg",Warner Bros. Pictures,R,02 Jul 2014,True,97 min,Tammy,movie,http://tammymovie.com/?utm_source=semgoogle&utm_medium=Tammy_Pre-O_Branded_Title,"Melissa McCarthy, Ben Falcone",2014,tt2103254,4.9,"38,121",rotten,171
73,"Steve Carell, Jennifer Garner, Ed Oxenbould, Dylan Minnette",1 win & 7 nominations.,"$56,752,482.00",USA,10 Feb 2015,Miguel Arteta,"Comedy, Family",English,54,"Alexander's day begins with gum stuck in his hair, followed by more calamities. However, he finds little sympathy from his family and begins to wonder if bad things only happen to him, his mom, dad, brother and sister - who all find themselves living through their own terrible, horrible, no good, very bad day.",https://images-na.ssl-images-amazon.com/images/M/MV5BOTgxMDMxMTY5OV5BMl5BanBnXkFtZTgwMjY1NzYzMjE@._V1_SX300.jpg,Walt Disney Pictures,PG,10 Oct 2014,True,81 min,"Alexander and the Terrible, Horrible, No Good, Very Bad Day",movie,http://movies.disney.com/alexander-and-the-terrible-horrible-no-good-very-bad-da,"Rob Lieber (screenplay), Rob Lieber (screen story), Judith Viorst (book)",2014,tt1698641,6.2,"31,630",fresh,109
74,"Chloë Grace Moretz, Mireille Enos, Jamie Blackley, Joshua Leonard",2 wins & 1 nomination.,N/A,USA,18 Nov 2014,R.J. Cutler,"Drama, Fantasy, Music",English,46,"Life changes in an instant for young Mia Hall after a car accident puts her in a coma. During an out-of-body experience, she must decide whether to wake up and live a life far different than she had imagined. The choice is hers if she can go on.",https://images-na.ssl-images-amazon.com/images/M/MV5BMjI4NjkxODMyMF5BMl5BanBnXkFtZTgwODYwODQ5MTE@._V1_SX300.jpg,Warner Bros. Pictures,PG-13,22 Aug 2014,True,107 min,If I Stay,movie,http://www.ifistaymovie.com,"Shauna Cross (screenplay), Gayle Forman (novel)",2014,tt1355630,6.8,"89,111",rotten,123
75,"Amy Adams, Christoph Waltz, Danny Huston, Krysten Ritter",Won 1 Golden Globe. Another 2 wins & 17 nominations.,"$8,021,168.00","USA, Canada",14 Apr 2015,Tim Burton,"Biography, Crime, Drama","English, French, Italian",62,"A drama about the awakening of painter Margaret Keane, her phenomenal success in the 1950s, and the subsequent legal difficulties she had with her husband, who claimed credit for her works in the 1960s.",https://images-na.ssl-images-amazon.com/images/M/MV5BMjA2ODM5MDE3N15BMl5BanBnXkFtZTgwOTIxNjc1MzE@._V1_SX300.jpg,The Weinstein Company,PG-13,25 Dec 2014,True,106 min,Big Eyes,movie,http://bigeyesfilm.com/,"Scott Alexander, Larry Karaszewski",2014,tt1126590,7.0,"61,365",fresh,166
76,"Julianne Moore, Kate Bosworth, Shane McRae, Hunter Parrish",Won 1 Oscar. Another 31 wins & 32 nominations.,N/A,"USA, France",12 May 2015,"Richard Glatzer, Wash Westmoreland",Drama,English,72,A linguistics professor and her family find their bonds tested when she is diagnosed with Alzheimer's Disease.,https://images-na.ssl-images-amazon.com/images/M/MV5BMjIzNzAxNjY1Nl5BMl5BanBnXkFtZTgwMDg4ODQxMzE@._V1_SX300.jpg,Sony Pictures Classics,PG-13,20 Feb 2015,True,101 min,Still Alice,movie,http://sonyclassics.com/stillalice/,"Richard Glatzer (screenplay), Wash Westmoreland (screenplay), Lisa Genova (novel)",2014,tt3316960,7.5,"92,924",certified,171
77,"Olivia Cooke, Ana Coto, Daren Kagasoff, Bianca A. Santos",1 win.,"$43,513,891.00","Japan, USA",03 Feb 2015,Stiles White,"Horror, Thriller",English,38,A group of friends must confront their most terrifying fears when they awaken the dark powers of an ancient spirit board.,https://images-na.ssl-images-amazon.com/images/M/MV5BMTQ1NzcwMTU5MF5BMl5BanBnXkFtZTgwOTE5MzEyMjE@._V1_SX300.jpg,Universal Pictures,PG-13,24 Oct 2014,True,89 min,Ouija,movie,http://www.ouijamovie.com/,"Juliet Snowden, Stiles White",2014,tt1204977,4.4,"35,872",rotten,76
78,"Johnny Depp, Rebecca Hall, Paul Bettany, Cillian Murphy",2 wins & 5 nominations.,"$23,014,504.00","UK, China, USA",22 Jul 2014,Wally Pfister,"Drama, Mystery, Romance",English,42,"A scientist's drive for artificial intelligence, takes on dangerous implications when his consciousness is uploaded into one such program.",https://images-na.ssl-images-amazon.com/images/M/MV5BMTc1MjQ3ODAyOV5BMl5BanBnXkFtZTgwNjI1NDQ0MTE@._V1_SX300.jpg,Warner Bros. Pictures,PG-13,18 Apr 2014,True,119 min,Transcendence,movie,http://www.transcendencemovie.com/,Jack Paglen,2014,tt2209764,6.3,"181,369",rotten,207
79,"Alex Pettyfer, Gabriella Wilde, Bruce Greenwood, Joely Richardson",1 win.,N/A,USA,27 May 2014,Shana Feste,"Drama, Romance",English,30,The story of a privileged girl and a charismatic boy whose instant desire sparks a love affair made only more reckless by parents trying to keep them apart.,https://images-na.ssl-images-amazon.com/images/M/MV5BOTYzNDU1MzEyN15BMl5BanBnXkFtZTgwOTYwMTU0MDE@._V1_SX300.jpg,Universal Pictures,PG-13,14 Feb 2014,True,104 min,Endless Love,movie,http://endlesslovemovie.com,"Shana Feste (screenplay), Joshua Safran (screenplay), Scott Spencer (novel)",2014,tt2318092,6.3,"33,050",rotten,89
80,"Liam Neeson, Julianne Moore, Scoot McNairy, Michelle Dockery",1 nomination.,"$80,432,029.00","UK, France, USA, Canada",10 Jun 2014,Jaume Collet-Serra,"Action, Mystery, Thriller","English, German",56,An air marshal springs into action during a transatlantic flight after receiving a series of text messages that put his fellow passengers at risk unless the airline transfers $150 million into an off-shore account.,https://images-na.ssl-images-amazon.com/images/M/MV5BOTI3NzcxMjkzMl5BMl5BanBnXkFtZTgwMDY0NTQ0MDE@._V1_SX300.jpg,Universal Pictures,PG-13,28 Feb 2014,True,106 min,Non-Stop,movie,http://www.nonstopthefilm.com/,"John W. Richardson (screenplay), Christopher Roach (screenplay), Ryan Engle (screenplay), John W. Richardson (story), Christopher Roach (story)",2014,tt2024469,7.0,"209,264",fresh,205
81,"Karl Urban, James Marsden, Wentworth Miller, Eric Stonestreet",N/A,"$4,409,157.00","Belgium, USA",26 May 2015,Erik Van Looy,"Mystery, Romance, Thriller",English,24,"Five married guys conspire to secretly share a penthouse loft in the city--a place where they can carry out hidden affairs and indulge in their deepest fantasies. But the fantasy becomes a nightmare when they discover the dead body of an unknown woman in the loft, and they realize one of the group must be involved.",https://images-na.ssl-images-amazon.com/images/M/MV5BMjAyNTM4ODM5NV5BMl5BanBnXkFtZTgwNTA4NDE3MzE@._V1_SX300.jpg,Open Road Films,R,30 Jan 2015,True,108 min,The Loft,movie,http://www.theloftmovie.com/,"Bart De Pauw (based upon the film written by), Wesley Strick (screenplay)",2014,tt1850397,6.3,"37,242",rotten,37
82,"Steve Carell, Channing Tatum, Mark Ruffalo, Sienna Miller",Nominated for 5 Oscars. Another 12 wins & 74 nominations.,"$9,744,477.00",USA,03 Mar 2015,Bennett Miller,"Biography, Drama, Sport","English, French",81,"Mark and Dave Schultz, U.S. Olympic Wrestling champions, join Team Foxcatcher led by multimillionaire John E. du Pont as they train for the 1988 games in Seoul - but John's emotional self-destruction threatens to consume them all.",https://images-na.ssl-images-amazon.com/images/M/MV5BMTQ2MjQxNjYxOV5BMl5BanBnXkFtZTgwMzIwODUxMzE@._V1_SX300.jpg,Sony Pictures Classics,R,16 Jan 2015,True,134 min,Foxcatcher,movie,http://sonyclassics.com/foxcatcher/,"E. Max Frye, Dan Futterman",2014,tt1100089,7.0,"112,674",certified,223
83,"Michael Parks, Justin Long, Genesis Rodriguez, Haley Joel Osment",1 win & 4 nominations.,N/A,USA,30 Dec 2014,Kevin Smith,"Comedy, Drama, Horror",English,55,"When podcaster Wallace Bryton goes missing in the backwoods of Manitoba while interviewing a mysterious seafarer named Howard Howe, his best friend Teddy and girlfriend Allison team with an ex-cop to look for him.",https://images-na.ssl-images-amazon.com/images/M/MV5BNmQyMmUzMmYtMTA4OS00ZmRjLWE0NWYtNjc0ZGM0N2E4YzQ5XkEyXkFqcGdeQXVyMTQxNzMzNDI@._V1_SX300.jpg,A24 Films,R,19 Sep 2014,True,102 min,Tusk,movie,http://www.TuskTheMovie.com,Kevin Smith,2014,tt3099498,5.4,"33,684",rotten,118
84,"Albert Finney, Carol Burnett, Ann Reinking, Tim Curry",Nominated for 2 Oscars. Another 2 wins & 11 nominations.,N/A,USA,12 Dec 2000,John Huston,"Comedy, Drama, Family",English,39,A young orphan girl's adventures in finding a family that will take her.,https://images-na.ssl-images-amazon.com/images/M/MV5BMTczMjgwNTAyNV5BMl5BanBnXkFtZTcwMDU3MzMyMQ@@._V1_SX300.jpg,Columbia Pictures,PG,18 Jun 1982,True,127 min,Annie,movie,N/A,"Carol Sobieski (screenplay), Thomas Meehan (book)",1982,tt0083564,6.5,"31,501",rotten,25
85,"Michael Pitt, Steven Yeun, Astrid Bergès-Frisbey, Brit Marling",2 wins & 3 nominations.,N/A,USA,09 Dec 2014,Mike Cahill,"Drama, Romance, Sci-Fi","English, Hindi",57,A molecular biologist and his laboratory partner uncover evidence that may fundamentally change society as we know it.,https://images-na.ssl-images-amazon.com/images/M/MV5BMTQ0MTAwMDI1OF5BMl5BanBnXkFtZTgwNjUwMTA2MTE@._V1_SX300.jpg,Fox Searchlight,R,19 Sep 2014,True,106 min,I Origins,movie,http://www.foxsearchlight.com/iorigins/,Mike Cahill,2014,tt2884206,7.3,"83,649",rotten,100
86,"Kit Harington, Carrie-Anne Moss, Emily Browning, Adewale Akinnuoye-Agbaje",8 wins & 4 nominations.,"$19,919,371.00","Canada, Germany, USA",20 May 2014,Paul W.S. Anderson,"Action, Adventure, Drama",English,39,"A slave-turned-gladiator finds himself in a race against time to save his true love, who has been betrothed to a corrupt Roman Senator. As Mount Vesuvius erupts, he must fight to save his beloved as Pompeii crumbles around him.",https://images-na.ssl-images-amazon.com/images/M/MV5BNDE2MTU3NzYwOF5BMl5BanBnXkFtZTgwOTY4NTk4MDE@._V1_SX300.jpg,Sony Pictures,PG-13,21 Feb 2014,True,105 min,Pompeii,movie,http://pompeiimovie.tumblr.com/,"Janet Scott Batchler (screenplay), Lee Batchler (screenplay), Michael Robert Johnson (screenplay), B.L. Jurgens (unproduced Roman Polanski version)",2014,tt1921064,5.6,"87,892",rotten,147
87,"Diego Luna, Zoe Saldana, Channing Tatum, Ron Perlman",Nominated for 1 Golden Globe. Another 3 wins & 28 nominations.,N/A,USA,27 Jan 2015,Jorge R. Gutiérrez,"Animation, Adventure, Comedy","English, Spanish",67,"Manolo, a young man who is torn between fulfilling the expectations of his family and following his heart, embarks on an adventure that spans three fantastic worlds where he must face his greatest fears.",https://images-na.ssl-images-amazon.com/images/M/MV5BMTkzOTgzNDYzOF5BMl5BanBnXkFtZTgwOTgxMTkyMjE@._V1_SX300.jpg,20th Century Fox,PG,17 Oct 2014,True,95 min,The Book of Life,movie,http://www.bookoflifemovie.com/,"Jorge R. Gutiérrez, Douglas Langdale",2014,tt2262227,7.3,"49,014",certified,112
88,"Chris Evans, Alice Eve, Emma Fitzpatrick, John Cullum",N/A,"$22,522.00",USA,03 Nov 2015,Chris Evans,"Comedy, Drama, Romance",English,31,Two strangers stuck in Manhattan for the night grow into each other's most trusted confidants when an evening of unexpected adventure forces them to confront their fears and take control of their lives.,https://images-na.ssl-images-amazon.com/images/M/MV5BOTMxNzE0NjY4NV5BMl5BanBnXkFtZTgwMjIxNjIzNjE@._V1_SX300.jpg,Radius,PG-13,21 Jul 2015,True,95 min,Before We Go,movie,N/A,"Ronald Bass (screenplay), Jen Smolka (screenplay), Chris Shafer (screenplay), Paul Vicknair (screenplay), Ronald Bass (story), Jen Smolka (story)",2014,tt0443465,6.9,"29,478",rotten,27
89,"George Clooney, Matt Damon, Bill Murray, Cate Blanchett",3 wins & 2 nominations.,"$67,239,378.00","USA, Germany",20 May 2014,George Clooney,"Drama, War","English, German, Russian, French, Flemish",52,An unlikely World War II platoon is tasked to rescue art masterpieces from Nazi thieves and return them to their owners.,https://images-na.ssl-images-amazon.com/images/M/MV5BMjMxMjk4NTM1M15BMl5BanBnXkFtZTgwNjg0MjQ3MDE@._V1_SX300.jpg,Sony Pictures,PG-13,07 Feb 2014,True,118 min,The Monuments Men,movie,http://www.monumentsmenmovie.com/,"George Clooney (screenplay), Grant Heslov (screenplay), Robert M. Edsel (book), Bret Witter (book)",2014,tt2177771,6.1,"106,463",rotten,228
90,"Zac Efron, Miles Teller, Michael B. Jordan, Imogen Poots",1 win & 2 nominations.,"$23,264,422.00",USA,13 May 2014,Tom Gormican,"Comedy, Romance",English,36,"Three best friends find themselves where we've all been - at that confusing moment in every dating relationship when you have to decide ""So...where is this going?""",https://images-na.ssl-images-amazon.com/images/M/MV5BMjExODEyMjMwNV5BMl5BanBnXkFtZTgwMTAyODM1MDE@._V1_SX300.jpg,Focus Features,R,31 Jan 2014,True,94 min,That Awkward Moment,movie,http://justgethorizontal.com/,Tom Gormican,2014,tt1800246,6.2,"80,253",rotten,130
91,"Cameron Diaz, Leslie Mann, Nikolaj Coster-Waldau, Don Johnson",3 wins & 4 nominations.,"$77,860,761.00",USA,29 Jul 2014,Nick Cassavetes,"Comedy, Romance",English,39,"After discovering her boyfriend is married, Carly soon meets the wife he's been betraying. And when yet another love affair is discovered, all three women team up to plot revenge on the three-timing S.O.B.",https://images-na.ssl-images-amazon.com/images/M/MV5BMTc0ODE4ODY1OF5BMl5BanBnXkFtZTgwMDA5NjkzMTE@._V1_SX300.jpg,20th Century Fox,PG-13,25 Apr 2014,True,109 min,The Other Woman,movie,http://otherwomanmovie.com,Melissa Stack,2014,tt2203939,6.0,"108,974",rotten,148
92,"Juliette Binoche, Kristen Stewart, Chloë Grace Moretz, Lars Eidinger",16 wins & 37 nominations.,N/A,"France, Germany, Switzerland",14 Jul 2015,Olivier Assayas,Drama,"English, French, German, Swiss German",78,A film star comes face-to-face with an uncomfortable reflection of herself while starring in a revival of the play that launched her career.,https://images-na.ssl-images-amazon.com/images/M/MV5BMjAwMTg3MDE0NF5BMl5BanBnXkFtZTgwNjQ1ODQyNTE@._V1_SX300.jpg,IFC Films,R,20 Aug 2014,True,124 min,Clouds of Sils Maria,movie,http://www.ifcfilms.com,Olivier Assayas,2014,tt2452254,6.7,"19,337",certified,149
93,"Annabelle Wallis, Ward Horton, Tony Amendola, Alfre Woodard",6 nominations.,N/A,USA,20 Jan 2015,John R. Leonetti,"Horror, Mystery, Thriller",English,37,A couple begins to experience terrifying supernatural occurrences involving a vintage doll shortly after their home is invaded by satanic cultists.,https://images-na.ssl-images-amazon.com/images/M/MV5BMjM2MTYyMzk1OV5BMl5BanBnXkFtZTgwNDg2MjMyMjE@._V1_SX300.jpg,New Line Cinema,R,03 Oct 2014,True,99 min,Annabelle,movie,http://www.annabellemovie.com,Gary Dauberman,2014,tt3322940,5.4,"88,168",rotten,119
94,"Iko Uwais, Arifin Putra, Tio Pakusadewo, Oka Antara",2 wins & 9 nominations.,"$2,372,192.00","Indonesia, USA",08 Jul 2014,Gareth Evans,"Action, Crime, Thriller","Indonesian, Japanese, English",71,"Only a short time after the first raid, Rama goes undercover with the thugs of Jakarta and plans to bring down the syndicate and uncover the corruption within his police force.",https://images-na.ssl-images-amazon.com/images/M/MV5BMTg5MTE2NjA4OV5BMl5BanBnXkFtZTgwMTUyMjczMTE@._V1_SX300.jpg,Sony Pictures Classics,R,11 Apr 2014,True,150 min,The Raid 2,movie,http://www.sonyclassics.com/theraid2/,Gareth Evans,2014,tt2265171,8.0,"88,563",certified,160
95,"Robert Downey Jr., Robert Duvall, Vera Farmiga, Billy Bob Thornton",Nominated for 1 Oscar. Another 3 wins & 8 nominations.,"$35,631,470.00",USA,27 Jan 2015,David Dobkin,"Crime, Drama",English,48,"Big-city lawyer Hank Palmer returns to his childhood home where his father, the town's judge, is suspected of murder. Hank sets out to discover the truth and, along the way, reconnects with his estranged family.",https://images-na.ssl-images-amazon.com/images/M/MV5BMTcyNzIxOTIwMV5BMl5BanBnXkFtZTgwMzE0NjQwMjE@._V1_SX300.jpg,Warner Bros. Pictures,R,10 Oct 2014,True,141 min,The Judge,movie,http://thejudgemovie.com,"Nick Schenk (screenplay), Bill Dubuque (screenplay), David Dobkin (story), Nick Schenk (story)",2014,tt1872194,7.4,"143,741",rotten,185
96,"Liam Neeson, Maurice Compte, Patrick McDade, Luciano Acuna Jr.",N/A,N/A,USA,13 Jan 2015,Scott Frank,"Crime, Drama, Mystery","English, Spanish, Urdu, Russian",57,Private investigator Matthew Scudder is hired by a drug kingpin to find out who kidnapped and murdered his wife.,https://images-na.ssl-images-amazon.com/images/M/MV5BMTQ3NzY2MTg1M15BMl5BanBnXkFtZTgwODY2Njk4MTE@._V1_SX300.jpg,Universal Studios,R,19 Sep 2014,True,114 min,A Walk Among the Tombstones,movie,http://www.awalkamongthetombstones.net/,"Lawrence Block (based on the novel by), Scott Frank (written for the screen by)",2014,tt0365907,6.5,"92,230",fresh,150
97,"Benoit Chambeau, Estelle Ihoy",N/A,N/A,Belgium,N/A,Laurie Colson,Short,N/A,N/A,N/A,N/A,N/A,N/A,01 Jan 2011,True,18 min,La Belle et la Bête,movie,N/A,Laurie Colson,2011,tt5108656,N/A,N/A,N/A,N/A
98,"Jason Bateman, Jason Sudeikis, Charlie Day, Jennifer Aniston",1 win & 2 nominations.,"$39,939,072.00",USA,24 Feb 2015,Sean Anders,"Comedy, Crime",English,40,"Dale, Kurt and Nick decide to start their own business but things don't go as planned because of a slick investor, prompting the trio to pull off a harebrained and misguided kidnapping scheme.",https://images-na.ssl-images-amazon.com/images/M/MV5BNzU4OTEzNzAwN15BMl5BanBnXkFtZTgwMTgwODAwMzE@._V1_SX300.jpg,Warner Bros. Pictures,R,26 Nov 2014,True,108 min,Horrible Bosses 2,movie,http://www.horriblebosses2.com,"Sean Anders (screenplay), John Morris (screenplay), Jonathan Goldstein (story), John Francis Daley (story), Sean Anders (story), John Morris (story), Michael Markowitz (characters)",2014,tt2170439,6.3,"121,830",rotten,139
99,"Nicole Kidman, Colin Firth, Mark Strong, Ben Crompton",N/A,N/A,"UK, USA, France, Sweden",27 Jan 2015,Rowan Joffe,"Drama, Mystery, Thriller",English,41,"A woman wakes up every day, remembering nothing as a result of a traumatic accident in her past. One day, new terrifying truths emerge that force her to question everyone around her.",https://images-na.ssl-images-amazon.com/images/M/MV5BNjI0NTAwMTU1NV5BMl5BanBnXkFtZTgwNzkwNjQ0MjE@._V1_SX300.jpg,Clarius Entertainment,R,31 Oct 2014,True,92 min,Before I Go to Sleep,movie,http://www.beforeigotosleepthemovie.com/,"Rowan Joffe, S.J. Watson (based on the novel by)",2014,tt1726592,6.3,"52,784",rotten,108
